CustomerName,State,City,customer_Id
David Padilla,Florida,Miami,1
Connor Morgan,Illinois,Chicago,2
Robert Stone,New York,Buffalo,3
John Fields,Florida,Orlando,4
Clayton Smith,Florida,Miami,5
Richard Kelley,California,Los Angeles,6
Jacqueline Hubbard,New York,New York City,7
Jessica Anderson,New York,New York City,8
Mary Taylor,Florida,Orlando,9
Walter Crawford,Illinois,Springfield,10
Lawrence Robinson,New York,Rochester,11
Douglas Pennington,Texas,Dallas,12
Ricardo Andrews,California,San Diego,13
Paul Raymond,California,San Diego,14
Karen Johnson,New York,Rochester,15
Juan Erickson,Texas,Austin,16
Alexander Reed,New York,New York City,17
Jacqueline Harris,California,San Francisco,18
Tyler Park,California,San Francisco,19
Richard Wolfe,Ohio,Columbus,20
Sierra Rios,Florida,Orlando,21
Jessica Richardson,California,San Diego,22
Kimberly Warren,Ohio,Cincinnati,23
Casey Garcia,Florida,Orlando,24
Denise Hampton,California,San Francisco,25
Justin Rodriguez,Ohio,Cleveland,26
Ms. Emily Baxter,New York,Rochester,27
Austin White,California,Los Angeles,28
Morgan Montes,California,San Diego,29
Christine Mosley,Ohio,Cincinnati,30
Ashley Rodriguez,Texas,Austin,31
Elizabeth King,Texas,Dallas,32
Connie Holmes,Ohio,Cincinnati,33
Melissa Peck,Florida,Miami,34
David Smith,Florida,Orlando,35
Jacqueline Harris,Texas,Houston,36
Heather Jenkins,New York,Buffalo,37
Kelsey Castaneda,Ohio,Cleveland,38
Katherine Harris,California,Los Angeles,39
Paul Rogers,Florida,Miami,40
Jon Banks,Florida,Tampa,41
Michelle Williams,New York,Buffalo,42
Andrew Allen,California,San Diego,43
Vanessa Bauer,New York,Buffalo,44
Sean Smith,Ohio,Cleveland,45
Shelly Sweeney,New York,New York City,46
Emily Gill,Illinois,Springfield,47
Brian Patrick,Florida,Tampa,48
Dr. Sarah Booth,Ohio,Cincinnati,49
Douglas Mcfarland,Ohio,Cleveland,50
Kayla Ross,Illinois,Peoria,51
Marc Strickland,Florida,Orlando,52
Charlene Brown,Florida,Miami,53
Charles Smith,Ohio,Columbus,54
Karen Townsend,Texas,Houston,55
Steven Cox,California,Los Angeles,56
Cynthia Rodriguez,New York,Rochester,57
Jessica Baker,Texas,Austin,58
Mark Blackburn,Texas,Dallas,59
Zachary Perez,Texas,Austin,60
Brian Green,California,San Diego,61
Becky Leach,Florida,Miami,62
Bryan Russell,Texas,Dallas,63
Tony Maddox,California,San Francisco,64
Jason Randolph,California,San Francisco,65
Laura Andrews,New York,New York City,66
Mrs. Stephanie Hooper,California,San Francisco,67
Anthony Evans,Ohio,Cleveland,68
Patrick Williams,New York,Rochester,69
Susan Burke,Texas,Austin,70
Brent Hernandez,New York,Rochester,71
Sean Elliott,California,San Francisco,72
Wanda West,Ohio,Cleveland,73
Renee Solomon,Florida,Tampa,74
Daryl Miles,Florida,Orlando,75
Michael Hunt,Texas,Dallas,76
Adam Clark,California,San Francisco,77
Amy Olsen,Illinois,Springfield,78
Stacey Miller,California,San Diego,79
Daniel Mosley,California,Los Angeles,80
Monica Gibson,Illinois,Springfield,81
Christopher Jordan,Ohio,Columbus,82
Christina Davis,Illinois,Chicago,83
Claudia Curry,Texas,Austin,84
Brandon Anderson,Texas,Austin,85
George Foster,Texas,Dallas,86
Nicholas Anderson,Florida,Orlando,87
Emily Ellison,California,Los Angeles,88
Darren Perez,Texas,Austin,89
Michelle Hunter,Ohio,Cincinnati,90
Janet Guerrero,New York,Rochester,91
Jeffrey Kline,Florida,Miami,92
Ryan Bullock,Florida,Tampa,93
Tom Lawson,New York,Buffalo,94
Rebecca Smith,Texas,Dallas,95
William Welch,Florida,Orlando,96
Mr. Curtis Bailey,Florida,Tampa,97
Janet Carlson,Florida,Miami,98
Spencer Spears,Illinois,Chicago,99
Jeffrey Middleton,New York,Buffalo,100
Veronica Kelley,Florida,Orlando,101
Leslie Bean,Illinois,Springfield,102
Amy Wilson,California,Los Angeles,103
Susan Ramirez,Ohio,Cleveland,104
Jacob Meyer,Illinois,Peoria,105
Scott Lewis,Texas,Houston,106
Eric Griffith,Illinois,Chicago,107
Anna Ferguson,California,San Francisco,108
David Figueroa,Florida,Miami,109
Theresa Medina,Illinois,Springfield,110
Mary Smith,Florida,Miami,111
Lance Cain,Florida,Tampa,112
Alexandra Moran,California,San Francisco,113
Sara Castro,Illinois,Chicago,114
Shawn Leach,Illinois,Peoria,115
Mark Boyle,New York,Buffalo,116
John Stevens,California,San Francisco,117
Lisa Graham,Illinois,Peoria,118
Nancy Jones,Ohio,Cleveland,119
Darryl Robbins,Illinois,Peoria,120
Kimberly Smith,Illinois,Springfield,121
Maria Thomas,Florida,Miami,122
Nicholas Johnson,Texas,Dallas,123
Dawn Howard,Texas,Houston,124
Jennifer Marshall,California,San Francisco,125
Frank Garcia,New York,Buffalo,126
Terri Madden,New York,Rochester,127
James Gutierrez,New York,Rochester,128
Morgan Sellers,California,Los Angeles,129
Caitlin Thomas,New York,New York City,130
Kimberly Greene,Florida,Orlando,131
Tammy Anthony,Ohio,Cleveland,132
Jennifer Chase,New York,Buffalo,133
Cassandra Farley,Florida,Orlando,134
Justin Vasquez,Texas,Houston,135
Melissa Morales,Texas,Houston,136
Tyler Thompson,Texas,Dallas,137
Heidi Davis,New York,Buffalo,138
Charles Lane,Texas,Dallas,139
Joyce Good MD,Florida,Miami,140
Maria Miller,New York,Buffalo,141
Terry Mcdaniel,Ohio,Cincinnati,142
Lisa Jacobs,New York,Buffalo,143
Jeff Duncan,Ohio,Cincinnati,144
Pamela Jones,New York,New York City,145
Renee Robinson,Ohio,Columbus,146
Jessica Kidd,New York,Buffalo,147
Nicholas Martin,Florida,Tampa,148
David Brown,Illinois,Peoria,149
Amber Moore,New York,New York City,150
James Williams,California,San Francisco,151
Karina Barr,Texas,Dallas,152
Meghan Rush,Ohio,Cleveland,153
Bianca Brown,Ohio,Columbus,154
Timothy Jensen,Florida,Orlando,155
Melinda Montoya,California,San Francisco,156
Tammy Bell,Ohio,Cincinnati,157
Connie Richards,Ohio,Cleveland,158
Peter Ward,New York,Rochester,159
Jonathan Alvarez,Ohio,Columbus,160
Becky Hodges,Texas,Houston,161
Larry Hill,New York,New York City,162
Amber Moon,Ohio,Cleveland,163
Cynthia Wilcox,Illinois,Chicago,164
Rebecca Wright,New York,Rochester,165
Sarah Flores,Illinois,Springfield,166
Carol Norman,New York,Rochester,167
Stephanie Gardner,California,San Diego,168
Philip Baker,Illinois,Peoria,169
Randall Dennis,Florida,Orlando,170
Suzanne Cross,Texas,Austin,171
Jasmine Delgado,Illinois,Chicago,172
Kristen Harper,New York,Buffalo,173
Kaitlyn Graham MD,New York,New York City,174
Dean Avila,Ohio,Cincinnati,175
Megan Mack,Texas,Austin,176
Heather Johnson,California,Los Angeles,177
Tina Davies,Illinois,Chicago,178
Matthew Harris,Texas,Dallas,179
Christopher Kirk,Florida,Miami,180
Eric Stevens,Florida,Miami,181
James Dickerson,Texas,Houston,182
James Jones,Texas,Dallas,183
Hannah Hendricks,Ohio,Cleveland,184
Brett Mullins,Florida,Orlando,185
Ms. Kim Jordan,Illinois,Chicago,186
Marcus Santiago,New York,Buffalo,187
Jill Perez,California,San Diego,188
Courtney Williams,Ohio,Columbus,189
Jordan Hahn,New York,Rochester,190
William Cook,Ohio,Cleveland,191
Stephanie Hayes,Texas,Austin,192
Melissa Wise,Ohio,Columbus,193
Elizabeth Gonzalez,California,San Diego,194
Mr. Eric Lopez,New York,Buffalo,195
Benjamin Higgins,New York,Rochester,196
Brett Sutton,Texas,Austin,197
Anna Blackburn,Ohio,Cincinnati,198
Michelle Bailey,Texas,Dallas,199
Sara Peterson,Illinois,Chicago,200
Katherine Williams,Florida,Orlando,201
Cory Evans,Florida,Orlando,202
Michael Rodriguez,Ohio,Cincinnati,203
John Munoz,Texas,Dallas,204
David Clark,Florida,Tampa,205
April Welch,Illinois,Springfield,206
Alan Livingston,Illinois,Peoria,207
Angela Jackson,Texas,Dallas,208
Amy Williams,Texas,Austin,209
Laura Jordan,Texas,Dallas,210
Richard Maynard,Ohio,Cincinnati,211
Lawrence Oliver,Illinois,Springfield,212
Anthony Williams,New York,Rochester,213
Lynn Matthews,Texas,Dallas,214
Andrew Griffin,Illinois,Chicago,215
Megan Williams,Illinois,Chicago,216
Alison Martin,New York,Buffalo,217
Samuel Wallace,California,San Francisco,218
Manuel Stark,Illinois,Springfield,219
William Villarreal,Florida,Orlando,220
Brandon Kirk,Ohio,Cleveland,221
Abigail Brown,California,Los Angeles,222
Kristine Carter,Texas,Houston,223
Wesley Deleon,Illinois,Springfield,224
Laura Cole,Florida,Tampa,225
Lauren Harris,Ohio,Cleveland,226
Cameron Miller,Illinois,Chicago,227
Jacob Carpenter,New York,Buffalo,228
Pamela Callahan DVM,Ohio,Columbus,229
William Ruiz,Florida,Miami,230
Paula Marshall,Texas,Dallas,231
Natalie Cox,Florida,Orlando,232
Andrew Fernandez,Ohio,Cincinnati,233
Alisha Saunders,California,San Francisco,234
Travis Chandler DDS,New York,Rochester,235
Russell Austin,New York,New York City,236
Collin Cameron,California,San Francisco,237
Elizabeth Hernandez,Florida,Orlando,238
William Russell,Texas,Austin,239
Sheri Berg,California,Los Angeles,240
Anthony Barnett,Illinois,Peoria,241
Kaitlyn Flores,Ohio,Cleveland,242
Rebecca Owen,Illinois,Springfield,243
Michael Bell,California,San Diego,244
Willie Huynh,New York,Buffalo,245
Samuel Hayes,Illinois,Peoria,246
Sherry Tran,New York,Buffalo,247
Heather Gray,Ohio,Cincinnati,248
Benjamin Meadows,Illinois,Peoria,249
Micheal Graham,New York,Buffalo,250
Jean Jackson,California,San Francisco,251
Timothy Murphy,California,San Francisco,252
Mrs. Jennifer Lewis,California,San Francisco,253
Bryan Brown,New York,Rochester,254
Christopher Johnson,Florida,Miami,255
Christina Conner,Ohio,Columbus,256
Luis Luna,California,San Francisco,257
Julie Chavez,Ohio,Cincinnati,258
Richard Blair,Florida,Miami,259
Mitchell Lester,Illinois,Chicago,260
Mr. John Tyler PhD,Texas,Houston,261
Juan Kelly,Florida,Miami,262
Morgan Mccarthy,Texas,Dallas,263
Morgan Sullivan,Texas,Houston,264
Eric Clark,Florida,Orlando,265
Mark Padilla,California,San Diego,266
Anthony Lane,Ohio,Cleveland,267
Jeffrey Henderson,Florida,Tampa,268
Michelle Hardy,Texas,Dallas,269
Ms. Barbara Cervantes,New York,Rochester,270
Steven Proctor,Texas,Austin,271
Shannon Patterson,Illinois,Springfield,272
William Valdez,California,San Diego,273
Laura Yu,Texas,Houston,274
Jonathan Mcmillan,New York,Buffalo,275
Austin Davis,California,San Diego,276
Mark Roy,California,San Francisco,277
Jillian Williams,California,San Diego,278
Rebekah Carter,Florida,Orlando,279
Jonathan Reed,California,San Francisco,280
Roger Harris,Illinois,Springfield,281
Louis Jimenez,Florida,Tampa,282
Jessica Jones,Illinois,Peoria,283
Renee Gomez,Florida,Miami,284
Connie Olson,Texas,Houston,285
Christian Jones,New York,Buffalo,286
Matthew Kelley,Florida,Orlando,287
Candace Martinez,Florida,Tampa,288
Jacob Mann,Texas,Austin,289
Keith Reese,Texas,Austin,290
Aaron Jones,Texas,Austin,291
Christopher Brooks,Illinois,Peoria,292
Charles Moore,Florida,Miami,293
Manuel Walls,Texas,Houston,294
Darren Moore,Illinois,Peoria,295
Stephanie Thomas,New York,Rochester,296
Kristy Hernandez,California,San Diego,297
Randy Johnson,Ohio,Columbus,298
James Benitez,Florida,Miami,299
Donald York,New York,Buffalo,300
Tiffany Parker,Texas,Houston,301
Melissa Mcknight,California,Los Angeles,302
Mr. Jack Mercado,Ohio,Cincinnati,303
Christian Jones,New York,Rochester,304
Rachel Fisher,Illinois,Peoria,305
Donald Moore,New York,Rochester,306
William Wu,Florida,Tampa,307
Jesus Zuniga,Texas,Houston,308
Michael Gallegos,California,Los Angeles,309
Robert Daniels,Illinois,Chicago,310
Jill Jones,New York,New York City,311
Elizabeth Miller,Illinois,Springfield,312
Sabrina Clark,California,Los Angeles,313
Larry Casey,Illinois,Chicago,314
Daniel Burns,New York,Rochester,315
James Tanner,Texas,Houston,316
Leonard Gonzalez,California,San Francisco,317
Richard Lee,New York,Buffalo,318
Matthew Schroeder,Ohio,Cleveland,319
Marcus Flores,California,Los Angeles,320
Tonya Long,Florida,Miami,321
Michael Chambers,California,Los Angeles,322
Kaylee Glover,Illinois,Springfield,323
Pamela Patterson,California,San Francisco,324
Ronald Mckinney,Texas,Austin,325
James Hart,Illinois,Chicago,326
Rhonda Harris,Florida,Orlando,327
Randy Fisher,Texas,Houston,328
James Hernandez,California,San Francisco,329
Brenda Murphy,California,San Francisco,330
Andrew Kirby,California,San Diego,331
Justin Thomas,California,San Francisco,332
Jillian Johnson MD,California,San Diego,333
William Martin,Ohio,Columbus,334
Mark Dixon,Ohio,Cincinnati,335
Alicia Allen,Texas,Dallas,336
Cynthia Meyer,Florida,Tampa,337
Brandon Norton,Illinois,Springfield,338
Christina Scott,Florida,Tampa,339
Andrew Macias,Texas,Austin,340
Alejandro Williams,Illinois,Springfield,341
Mark Rodriguez,New York,New York City,342
Sarah Montgomery,Illinois,Chicago,343
Marisa Prince,New York,Buffalo,344
James Bonilla,California,San Diego,345
Robin Myers,Texas,Dallas,346
Nancy Sanchez,Illinois,Springfield,347
Sydney Walls,Illinois,Chicago,348
Deborah Hoffman,Florida,Miami,349
Megan Williams,Texas,Dallas,350
Shane Clark,California,San Diego,351
Steven Haynes,Illinois,Springfield,352
Kimberly Fuller,New York,Buffalo,353
Angela Lyons,New York,New York City,354
Betty Tucker,Ohio,Cincinnati,355
Brianna Hunt,Florida,Miami,356
Cathy Clark,Florida,Tampa,357
Nicole Warren,California,Los Angeles,358
Richard Castaneda,Ohio,Cleveland,359
Sarah Torres,California,San Diego,360
Vanessa Deleon,Florida,Tampa,361
Richard Lyons,Texas,Dallas,362
Eric Adams,Illinois,Springfield,363
Chad Brown,Florida,Orlando,364
Kayla Becker,California,Los Angeles,365
Ashley Freeman,Florida,Tampa,366
Scott Harris,California,Los Angeles,367
John James,Ohio,Columbus,368
Jesse Bond,Illinois,Springfield,369
Brandon Hughes,Texas,Dallas,370
Lynn Reynolds,Ohio,Cincinnati,371
Ronald Good,Florida,Miami,372
Kyle Baker,Texas,Houston,373
Michael Rivera,California,Los Angeles,374
Lori Adkins,California,San Diego,375
Luis Warner,New York,New York City,376
Donald Perry,Florida,Orlando,377
Adam Stevens,New York,Buffalo,378
Kimberly Johnson,New York,Buffalo,379
Kelly Jones,New York,Rochester,380
Ashley Petty,Illinois,Peoria,381
Crystal Ross,Texas,Austin,382
Alexis Duffy,California,Los Angeles,383
Stephanie Sanchez,Florida,Miami,384
Reginald Espinoza,Ohio,Cleveland,385
Sandra Hicks,California,San Diego,386
Olivia Orozco,Texas,Austin,387
Larry Moore,Florida,Tampa,388
Mrs. Rachel Cannon DDS,Florida,Tampa,389
Daniel Flowers,Illinois,Springfield,390
Randy Acosta,Florida,Tampa,391
Deborah Williams,Illinois,Chicago,392
Robert Michael,Texas,Austin,393
Danny Ramirez,New York,New York City,394
Stephen Baker,Ohio,Columbus,395
Jeffrey Wilcox,Illinois,Peoria,396
James Clarke,Texas,Dallas,397
Julia Gallagher,Texas,Houston,398
Ronald Frey Jr.,New York,New York City,399
Megan Charles,Florida,Tampa,400
Amy Duran MD,Florida,Orlando,401
Christopher Thomas,New York,New York City,402
Peter Castro,Texas,Dallas,403
Steven Acosta,Florida,Orlando,404
Lindsay Jackson,Texas,Austin,405
Kelly Smith,Ohio,Cleveland,406
Sabrina Hartman,Florida,Tampa,407
Cynthia Smith,New York,Rochester,408
Olivia Dickerson,New York,Buffalo,409
Whitney Stout,Texas,Austin,410
Stephanie Flores,California,San Diego,411
Gregory English,California,Los Angeles,412
Natalie Maxwell,New York,New York City,413
Tina Blake,New York,Buffalo,414
Clarence Cooke,California,San Francisco,415
Tamara Guzman,New York,Buffalo,416
Marissa Hartman,New York,Buffalo,417
Sara Garcia,Illinois,Peoria,418
Kathryn Rogers,Ohio,Columbus,419
Kyle Dickson,Texas,Dallas,420
Jacob Decker,Florida,Tampa,421
Aaron Johnson,New York,Rochester,422
William Morse,New York,Rochester,423
Carrie Smith,Illinois,Peoria,424
Vincent Roth,California,Los Angeles,425
Andrew Benson,Florida,Orlando,426
Jason Wilson,Texas,Austin,427
Colin Patterson,New York,New York City,428
Eric Bates,Ohio,Columbus,429
Steven Keith,California,San Francisco,430
Seth Rodriguez,Florida,Tampa,431
Lauren Jones,Ohio,Cincinnati,432
Thomas Wallace,Texas,Dallas,433
Mr. Daniel Wilson,Ohio,Cincinnati,434
Julie Smith MD,New York,Rochester,435
Carol Mitchell,Illinois,Chicago,436
John Thompson,Texas,Austin,437
Debra Rodriguez,Florida,Tampa,438
Erin Vasquez,Florida,Orlando,439
Clayton Lara,Florida,Miami,440
Tony Ray,Ohio,Cleveland,441
Steven Frey,Florida,Miami,442
Stephanie Leonard,New York,Buffalo,443
Crystal Chambers,New York,New York City,444
Robert White,Florida,Orlando,445
Sylvia Barron,New York,Rochester,446
Marcus Brown,Illinois,Chicago,447
Annette Pierce,New York,Rochester,448
Donald Hernandez,California,San Francisco,449
Megan Davis,Ohio,Cleveland,450
Robert Brooks,Texas,Houston,451
Miguel Alvarez,New York,Rochester,452
Jennifer Arnold,New York,New York City,453
Jessica Blankenship,Ohio,Cincinnati,454
Peggy Campos,New York,Buffalo,455
Craig Ortega,Ohio,Cincinnati,456
Johnny Simon,California,Los Angeles,457
Keith Brooks,New York,New York City,458
Jason Martinez,Ohio,Columbus,459
Steven Herrera,California,San Diego,460
Beverly Lamb,Illinois,Chicago,461
Michael Williams,Illinois,Springfield,462
Zachary Carpenter,California,Los Angeles,463
Timothy Baker,Texas,Austin,464
Adam James,Illinois,Chicago,465
Katrina Wood,Illinois,Chicago,466
James Murray,Texas,Dallas,467
Mr. Nathaniel Reeves,New York,Rochester,468
Jodi Wood,Ohio,Cleveland,469
Dr. Thomas Peterson,California,San Diego,470
Mario Hall,New York,New York City,471
Justin Rosales,Florida,Miami,472
Autumn Lee,Ohio,Columbus,473
Victoria Duran,Texas,Dallas,474
Barry Garcia,Illinois,Springfield,475
Dawn Webb,Illinois,Peoria,476
Patricia Sanford,Texas,Austin,477
William Walters,California,San Francisco,478
Emma Scott,New York,Buffalo,479
Sabrina Buckley,New York,Rochester,480
Robert Rojas,California,San Francisco,481
Eric Johnson,Ohio,Cleveland,482
Heather Parker,Texas,Austin,483
Thomas Matthews,Illinois,Peoria,484
Kimberly Beard,Ohio,Cleveland,485
Lydia Donovan,Illinois,Peoria,486
Edward Johnson,Florida,Orlando,487
Ricky Smith,Florida,Miami,488
Mr. Ralph Garcia Jr.,New York,Rochester,489
Malik Walker,New York,New York City,490
Tanya Walker,California,San Diego,491
Sherri Ferguson DVM,Texas,Austin,492
Kristin Hart,California,San Francisco,493
Jim Johnson,Ohio,Cincinnati,494
David Hamilton,Texas,Houston,495
Michael Jimenez,California,Los Angeles,496
Angela Norman,Illinois,Springfield,497
Denise Mcdaniel,California,Los Angeles,498
Michael Rodriguez,New York,Rochester,499
Matthew Huff,California,San Diego,500
Linda Little,Florida,Tampa,501
Kerri Andrews,California,San Francisco,502
Jeffrey Johnson III,California,San Francisco,503
Daniel Dixon,California,San Diego,504
Tiffany Robinson,Florida,Miami,505
Mr. Gregg Sawyer,Illinois,Peoria,506
John Silva,California,Los Angeles,507
Nathan Moss,Illinois,Springfield,508
Donald Medina,Texas,Houston,509
Charles Henderson,Florida,Tampa,510
Brenda Davis,California,San Francisco,511
Leah Calderon,Illinois,Chicago,512
Brandi Vasquez,New York,Rochester,513
Debra Richards,Florida,Tampa,514
Tammy Day,New York,New York City,515
Sheila Clay,New York,Buffalo,516
Nicholas Flores,Ohio,Cleveland,517
Jasmin Jones,Illinois,Chicago,518
Matthew Gardner,Florida,Tampa,519
Joseph Perkins,Florida,Orlando,520
Ashley Adams MD,Florida,Orlando,521
Cheryl Stevens,California,San Francisco,522
Jorge George,New York,New York City,523
Ann Mooney,California,Los Angeles,524
James Mendoza,Ohio,Cleveland,525
Kaitlin Garrison,Ohio,Columbus,526
Jeremy Jackson,Texas,Dallas,527
Dale Craig,California,San Diego,528
Joseph Hooper,New York,Buffalo,529
Alexander Adams,New York,Buffalo,530
Ashlee Mills,Florida,Orlando,531
Brittany Jenkins,New York,Buffalo,532
Eddie Gonzales,Ohio,Cleveland,533
Edward Valencia,Florida,Miami,534
Emma Bruce,Texas,Austin,535
Carl Wade DDS,New York,Buffalo,536
Brandon Alvarado,Ohio,Columbus,537
Jennifer Clark,Texas,Austin,538
David Johnson,Texas,Austin,539
April Marquez,Ohio,Cleveland,540
Joseph Guerrero,California,Los Angeles,541
Michael Hanson,New York,Rochester,542
William Hill,Texas,Dallas,543
Kelsey Huber,Florida,Miami,544
Hailey Chandler,Texas,Dallas,545
Cheyenne Rose,Florida,Orlando,546
Richard Petersen,Illinois,Chicago,547
Kathryn Gray,New York,Rochester,548
Victor Collins,California,San Diego,549
Jason Hernandez,California,San Francisco,550
Jacob Torres,Texas,Houston,551
Erin Hernandez,California,Los Angeles,552
Jacob Guzman,Illinois,Peoria,553
Mike Armstrong,New York,New York City,554
Cindy Rowland,Illinois,Springfield,555
Kenneth Matthews,New York,Rochester,556
Susan Valdez,New York,New York City,557
Stephanie Manning,Florida,Orlando,558
Logan Galloway,New York,New York City,559
Christopher Stone,Ohio,Cincinnati,560
Megan Pitts,Ohio,Columbus,561
Richard Gardner,Ohio,Columbus,562
Samuel Moore,Ohio,Columbus,563
Robert Stokes,Florida,Orlando,564
Danielle Ramirez,California,San Francisco,565
Taylor White,Illinois,Springfield,566
Jordan Krause,Ohio,Cleveland,567
Kimberly King,Ohio,Columbus,568
Sharon Russell,California,San Diego,569
Kevin Cooper,Florida,Tampa,570
Darrell Ramos,New York,Rochester,571
Dr. Terry Alvarado,Florida,Tampa,572
Kathy Wilson,Texas,Dallas,573
Brandon Le,California,San Diego,574
Mary Wright,Ohio,Cincinnati,575
Douglas Reynolds,California,Los Angeles,576
Leroy Harris,Texas,Houston,577
Ricardo Dixon,Illinois,Springfield,578
Debra Smith,Texas,Austin,579
Jasmine James,Texas,Austin,580
Felicia Morton,Ohio,Columbus,581
Sylvia Jenkins,New York,New York City,582
Elizabeth White,New York,Rochester,583
Steven Steele,Illinois,Springfield,584
Amanda Ramirez,Texas,Dallas,585
Kyle Jackson,New York,Buffalo,586
Sharon Wilkins,Illinois,Chicago,587
Austin Hammond,Florida,Miami,588
Jessica Barajas,Illinois,Peoria,589
Jamie Jimenez,New York,Buffalo,590
James Carter,Ohio,Columbus,591
John Williams,Florida,Miami,592
Alicia Oneill,Illinois,Springfield,593
Rebecca Huff,Illinois,Springfield,594
Diana Scott,California,San Diego,595
Brian Young,Texas,Austin,596
Susan Wright,California,Los Angeles,597
Kayla Banks,Ohio,Cincinnati,598
Zachary Pierce,Texas,Houston,599
Nicolas Owen,California,San Francisco,600
Martha Carney,New York,New York City,601
Francisco Hicks,Illinois,Springfield,602
Matthew Parker,Illinois,Springfield,603
Paul Bryant,New York,Buffalo,604
Bruce Dennis,Texas,Austin,605
Joseph Bates,New York,New York City,606
Kelly Pacheco,Texas,Houston,607
Jeffrey Weber,New York,Buffalo,608
Andrew Krueger,New York,Rochester,609
Kathleen Cox,New York,New York City,610
Jamie Bradley,California,San Diego,611
Robert Martinez,Texas,Houston,612
Christopher Rogers,Illinois,Chicago,613
Roberto Parrish,Illinois,Springfield,614
Amber Kennedy,Florida,Tampa,615
Maria Davis,New York,Buffalo,616
Terry Gilbert,Florida,Miami,617
Devon Schmitt,Texas,Austin,618
Robert Mosley,Ohio,Cincinnati,619
Paul Scott,California,San Francisco,620
Kristin Alvarez,Illinois,Springfield,621
Kevin Jackson,New York,Buffalo,622
Mrs. Lauren Potter DDS,Ohio,Columbus,623
Jason Brown,Illinois,Chicago,624
Jamie Santos,California,Los Angeles,625
James Taylor,Florida,Tampa,626
Alicia Vincent,Ohio,Cincinnati,627
Kenneth Adams,Ohio,Cleveland,628
Shelby Browning,Illinois,Chicago,629
Johnny Hill,California,San Diego,630
Nicholas Tucker,Florida,Miami,631
Theresa Cline,Ohio,Cleveland,632
Christine Wheeler,Florida,Tampa,633
Carlos Wells,California,San Diego,634
Randall Bell,New York,New York City,635
Kendra Mckinney,Florida,Miami,636
Amanda Kim,Ohio,Columbus,637
Megan Morgan,Ohio,Cleveland,638
Vincent Kramer,Florida,Orlando,639
Raymond Bean,Illinois,Springfield,640
Reginald Hebert,Ohio,Cincinnati,641
Jeremy Vazquez,Ohio,Cleveland,642
Michael Stewart,Illinois,Peoria,643
Kevin Johnson,Florida,Tampa,644
Tara Hughes,Florida,Tampa,645
Sandra Perkins,Florida,Tampa,646
Heather Bell,California,San Francisco,647
Nancy Boyd,Ohio,Cincinnati,648
Raymond Reyes,California,San Diego,649
Cassandra Jordan,Illinois,Peoria,650
Evelyn Harris,New York,Buffalo,651
Shannon Maynard,Florida,Orlando,652
Marie James,New York,Buffalo,653
Maria Carroll,Ohio,Cleveland,654
Jessica Sloan,Texas,Austin,655
Scott Craig,Illinois,Peoria,656
Kaitlin Brown,Texas,Dallas,657
William Beck,Florida,Tampa,658
Eric Mason,Florida,Orlando,659
Lisa Lowe,Florida,Miami,660
Roy Miller,California,San Francisco,661
Christopher Espinoza,Ohio,Columbus,662
Claire Cole,Texas,Houston,663
Eric Nunez,California,San Diego,664
David Bell,California,Los Angeles,665
Patrick Hensley MD,Ohio,Cincinnati,666
John Cox,Illinois,Peoria,667
Michelle Sullivan,Illinois,Chicago,668
Angela Todd,New York,New York City,669
Luke Saunders,Texas,Dallas,670
Dr. Jennifer Benton DVM,Illinois,Springfield,671
Keith Smith,Florida,Miami,672
Danielle Mitchell,Illinois,Peoria,673
Jesus Hernandez,California,Los Angeles,674
Jason Norman,Florida,Miami,675
Laura Poole,New York,Rochester,676
Sarah Wagner,Texas,Houston,677
Bryan Baird,Illinois,Peoria,678
Amy Thompson,Ohio,Cincinnati,679
Ashley Wright,Ohio,Cleveland,680
Michelle Lynch,Illinois,Springfield,681
Ryan Hale,Ohio,Cleveland,682
Marie Jefferson,Florida,Orlando,683
Vanessa Smith,Texas,Houston,684
Ryan Foster,Ohio,Columbus,685
David Lara,California,San Diego,686
Jonathan Young,Illinois,Springfield,687
Debra Townsend,Ohio,Cincinnati,688
John Thomas,California,San Francisco,689
Bryan Anderson,California,Los Angeles,690
Sarah Miller,New York,New York City,691
Robert Hill,Ohio,Columbus,692
Joshua Rojas,Florida,Miami,693
Angelica Lewis,New York,New York City,694
Jessica Russell,Texas,Dallas,695
Mary Johnson,New York,Rochester,696
Joseph Knight,Illinois,Peoria,697
Jessica Greene,New York,New York City,698
Vincent Perez,New York,Rochester,699
Dennis Rivera,California,San Francisco,700
Nancy Keller,Texas,Dallas,701
Michelle Anderson,Ohio,Cleveland,702
Anthony May,Florida,Tampa,703
Michelle Guerra,New York,New York City,704
Meghan Ballard,New York,New York City,705
Brian Wheeler,New York,Buffalo,706
William Rosario,Texas,Dallas,707
Jessica Hunt,Illinois,Springfield,708
Tony Chavez,Ohio,Columbus,709
Mary Crawford,Ohio,Cincinnati,710
Roger Morrison,Ohio,Cincinnati,711
Bethany Harrison,California,Los Angeles,712
Lisa Mcintyre,Florida,Orlando,713
Carolyn Gonzalez,Florida,Miami,714
Christina Oconnell,California,San Francisco,715
James Garcia,New York,Buffalo,716
Emily Frederick,Texas,Austin,717
Shawn Wise,California,San Francisco,718
Carrie Alvarez,Illinois,Peoria,719
Matthew James,Illinois,Peoria,720
Jerry Alvarado,New York,New York City,721
Paul Zimmerman,New York,Rochester,722
Carl Ryan,Texas,Dallas,723
Kelly Roberts,New York,Buffalo,724
Jack Woods,Illinois,Peoria,725
Albert Alexander Jr.,Ohio,Cleveland,726
Teresa Perez,Texas,Austin,727
Amanda Williams,Ohio,Columbus,728
Kristen Lawson,Illinois,Springfield,729
Jacob Stewart,Florida,Miami,730
Daniel Brooks,Illinois,Peoria,731
Aaron Dunn,Illinois,Springfield,732
Jacob Martinez,California,Los Angeles,733
Raymond Burgess,California,San Diego,734
Jennifer Cooke,California,San Francisco,735
Tyrone White,California,San Diego,736
Charles Williams,Texas,Dallas,737
Amy Page,Ohio,Columbus,738
Scott Gibbs,California,Los Angeles,739
Angela Roberts,Ohio,Cleveland,740
Kyle Hernandez,Texas,Dallas,741
Cynthia Ferguson,Texas,Austin,742
Brandi Garcia,California,San Francisco,743
Matthew Blake,California,San Francisco,744
Lauren Howell,New York,Buffalo,745
Joseph Wilson,Ohio,Cincinnati,746
Tanner Vance,Texas,Houston,747
Michael Nash,New York,Buffalo,748
Brent Thomas,Illinois,Peoria,749
Harold Mitchell,Texas,Austin,750
Ashley Palmer,Florida,Miami,751
Stephen Hogan,California,San Diego,752
George Ashley,Texas,Houston,753
Sara Bailey,Ohio,Cincinnati,754
Tanya Thomas MD,Texas,Dallas,755
Maria Galvan,Ohio,Columbus,756
Duane Kelly,New York,New York City,757
Frank Reynolds,Illinois,Springfield,758
Aaron Kim,New York,Buffalo,759
David Allen,Florida,Tampa,760
Monica Lee,California,San Diego,761
Kimberly Fuller,Ohio,Cleveland,762
Erica Scott,Illinois,Chicago,763
Melissa Mitchell,Illinois,Chicago,764
Joshua Murray,Texas,Dallas,765
John Jones,California,San Diego,766
Cheryl Johnson,Ohio,Cincinnati,767
Lisa Farmer,Texas,Houston,768
Christopher Walker,Ohio,Cincinnati,769
Elizabeth Coffey,New York,Buffalo,770
Joseph Clark,Ohio,Cincinnati,771
Jamie Brewer,Illinois,Springfield,772
Lauren Boyer,Texas,Dallas,773
Howard Esparza,Texas,Houston,774
James Hickman,Ohio,Cleveland,775
Jennifer Hernandez,Ohio,Cleveland,776
Shannon Warren,New York,New York City,777
Ashley Aguilar,Illinois,Chicago,778
Daniel Price,New York,New York City,779
James Perez,Florida,Orlando,780
Jerry Smith,California,San Diego,781
Andre Fernandez,Florida,Orlando,782
Anthony West,California,San Diego,783
Amber Flowers,Florida,Tampa,784
Patricia Davis,Illinois,Chicago,785
Jasmine Gibbs,Texas,Austin,786
Nicole Dudley,New York,New York City,787
Lori Colon,New York,Buffalo,788
William Carr,Texas,Dallas,789
Jeffrey Dixon,New York,New York City,790
Robert Sexton,California,Los Angeles,791
Brooke Gonzalez,Florida,Miami,792
Victoria Bryant MD,California,San Francisco,793
Nancy Kennedy,Texas,Dallas,794
Andrew Barry,Illinois,Peoria,795
Carlos Wheeler,Ohio,Cleveland,796
Isabella Roach,Illinois,Peoria,797
Samantha Williams,Florida,Orlando,798
Samuel Little MD,Illinois,Chicago,799
Paul Taylor,California,San Francisco,800
Susan Baker,California,San Diego,801
Mark Fry,Texas,Austin,802
Megan Mclean,New York,New York City,803
Caitlin Hunt,New York,Rochester,804
Jenna Holland,Texas,Austin,805
Stephanie Oconnell,New York,Buffalo,806
Andrea Hill,Illinois,Chicago,807
