Category,Sub-Category,Amount,category_Id
Electronics,Electronic Games,9726,1
Electronics,Printers,4975,2
Office Supplies,Pens,1525,3
Electronics,Laptops,883,4
Furniture,Tables,8127,5
Furniture,Chairs,2516,6
Office Supplies,Pens,2975,7
Office Supplies,Markers,6851,8
Furniture,Sofas,7626,9
Furniture,Tables,1023,10
Office Supplies,Pens,7600,11
Office Supplies,Paper,7501,12
Office Supplies,Paper,725,13
Furniture,Tables,7201,14
Office Supplies,Paper,1629,15
Office Supplies,Binders,8971,16
Office Supplies,Binders,2939,17
Electronics,Phones,9380,18
Office Supplies,Binders,8558,19
Office Supplies,Paper,4080,20
Electronics,Electronic Games,4206,21
Office Supplies,Binders,5219,22
Office Supplies,Pens,3686,23
Office Supplies,Paper,6045,24
Office Supplies,Pens,9337,25
Electronics,Phones,4051,26
Furniture,Bookcases,5011,27
Furniture,Sofas,3958,28
Furniture,Tables,3132,29
Office Supplies,Markers,7784,30
Office Supplies,Pens,5591,31
Electronics,Electronic Games,5122,32
Office Supplies,Binders,8293,33
Electronics,Phones,2863,34
Furniture,Tables,3090,35
Electronics,Printers,9683,36
Furniture,Tables,2463,37
Furniture,Sofas,7811,38
Furniture,Tables,6139,39
Furniture,Chairs,8636,40
Furniture,Sofas,4439,41
Furniture,Tables,1016,42
Furniture,Tables,5768,43
Furniture,Tables,1217,44
Office Supplies,Paper,953,45
Furniture,Sofas,7355,46
Electronics,Phones,1843,47
Office Supplies,Pens,1603,48
Office Supplies,Pens,2025,49
Office Supplies,Binders,6800,50
Furniture,Bookcases,1126,51
Furniture,Tables,7533,52
Office Supplies,Binders,4734,53
Electronics,Electronic Games,4074,54
Furniture,Sofas,2334,55
Electronics,Phones,2750,56
Office Supplies,Pens,8639,57
Office Supplies,Markers,3808,58
Office Supplies,Pens,2588,59
Electronics,Electronic Games,1591,60
Furniture,Chairs,1757,61
Furniture,Bookcases,6940,62
Electronics,Printers,5105,63
Furniture,Tables,5578,64
Furniture,Chairs,5224,65
Office Supplies,Markers,5002,66
Office Supplies,Markers,7380,67
Furniture,Chairs,7595,68
Furniture,Sofas,1954,69
Electronics,Printers,523,70
Electronics,Laptops,5704,71
Furniture,Tables,8797,72
Electronics,Laptops,9236,73
Furniture,Sofas,9109,74
Electronics,Phones,4358,75
Electronics,Phones,6459,76
Furniture,Bookcases,2478,77
Office Supplies,Pens,9992,78
Office Supplies,Binders,9619,79
Electronics,Printers,9538,80
Furniture,Chairs,9035,81
Office Supplies,Paper,2684,82
Furniture,Sofas,822,83
Furniture,Chairs,9730,84
Electronics,Electronic Games,2483,85
Office Supplies,Binders,1297,86
Electronics,Phones,7909,87
Furniture,Tables,9768,88
Furniture,Sofas,4968,89
Electronics,Laptops,1731,90
Office Supplies,Binders,3433,91
Office Supplies,Binders,3887,92
Office Supplies,Markers,1801,93
Furniture,Tables,5301,94
Office Supplies,Paper,1166,95
Office Supplies,Paper,3196,96
Furniture,Chairs,3428,97
Office Supplies,Binders,7223,98
Office Supplies,Pens,3731,99
Office Supplies,Pens,8903,100
Electronics,Phones,6009,101
Furniture,Tables,2858,102
Furniture,Sofas,8175,103
Furniture,Sofas,5846,104
Electronics,Laptops,706,105
Furniture,Tables,9835,106
Office Supplies,Markers,9691,107
Furniture,Bookcases,7826,108
Furniture,Sofas,770,109
Furniture,Bookcases,9895,110
Office Supplies,Paper,6517,111
Furniture,Tables,1166,112
Furniture,Chairs,9820,113
Office Supplies,Binders,8563,114
Electronics,Printers,4441,115
Office Supplies,Paper,7340,116
Electronics,Phones,5442,117
Furniture,Tables,1895,118
Office Supplies,Binders,5323,119
Office Supplies,Markers,8850,120
Office Supplies,Paper,8667,121
Furniture,Tables,6903,122
Office Supplies,Pens,8793,123
Office Supplies,Paper,9883,124
Office Supplies,Paper,5210,125
Electronics,Printers,3574,126
Furniture,Sofas,576,127
Electronics,Printers,1860,128
Office Supplies,Pens,782,129
Electronics,Laptops,4371,130
Electronics,Phones,8346,131
Furniture,Tables,6218,132
Electronics,Printers,5167,133
Furniture,Sofas,2799,134
Office Supplies,Markers,3234,135
Furniture,Tables,4920,136
Furniture,Bookcases,9078,137
Furniture,Bookcases,8586,138
Furniture,Sofas,5047,139
Furniture,Sofas,3657,140
Electronics,Electronic Games,6471,141
Office Supplies,Binders,949,142
Office Supplies,Binders,6823,143
Furniture,Tables,4364,144
Electronics,Phones,6671,145
Office Supplies,Paper,7472,146
Electronics,Printers,9548,147
Electronics,Printers,7759,148
Office Supplies,Markers,7521,149
Office Supplies,Pens,9704,150
Electronics,Printers,4948,151
Electronics,Electronic Games,6435,152
Office Supplies,Markers,9965,153
Furniture,Sofas,1523,154
Electronics,Electronic Games,9073,155
Electronics,Laptops,6447,156
Electronics,Electronic Games,8947,157
Office Supplies,Pens,914,158
Office Supplies,Paper,1548,159
Furniture,Tables,2759,160
Electronics,Laptops,1341,161
Electronics,Electronic Games,9851,162
Furniture,Tables,9989,163
Furniture,Tables,7421,164
Office Supplies,Paper,3099,165
Electronics,Phones,2521,166
Electronics,Electronic Games,6962,167
Furniture,Bookcases,1085,168
Furniture,Chairs,738,169
Electronics,Electronic Games,1366,170
Office Supplies,Markers,1518,171
Electronics,Phones,2962,172
Electronics,Printers,7131,173
Office Supplies,Markers,4200,174
Office Supplies,Markers,5934,175
Electronics,Printers,2701,176
Office Supplies,Paper,7273,177
Office Supplies,Markers,2465,178
Office Supplies,Markers,3479,179
Electronics,Printers,5457,180
Office Supplies,Markers,4957,181
Office Supplies,Pens,4404,182
Furniture,Sofas,8776,183
Electronics,Phones,9536,184
Furniture,Sofas,2225,185
Furniture,Bookcases,9574,186
Electronics,Electronic Games,4382,187
Electronics,Laptops,8200,188
Furniture,Sofas,9316,189
Electronics,Electronic Games,6379,190
Office Supplies,Markers,3348,191
Office Supplies,Pens,8856,192
Furniture,Sofas,1760,193
Electronics,Printers,6351,194
Office Supplies,Paper,869,195
Furniture,Bookcases,1486,196
Office Supplies,Binders,2999,197
Office Supplies,Paper,5142,198
Electronics,Laptops,1239,199
Electronics,Electronic Games,1262,200
Furniture,Bookcases,1033,201
Electronics,Printers,1518,202
Office Supplies,Paper,8581,203
Office Supplies,Pens,1167,204
Electronics,Laptops,2841,205
Furniture,Tables,5680,206
Office Supplies,Pens,8204,207
Electronics,Phones,2850,208
Office Supplies,Pens,907,209
Office Supplies,Pens,2174,210
Electronics,Electronic Games,8541,211
Furniture,Bookcases,1931,212
Electronics,Electronic Games,1281,213
Electronics,Laptops,2404,214
Furniture,Sofas,2119,215
Office Supplies,Pens,3137,216
Furniture,Tables,2323,217
Furniture,Bookcases,1368,218
Electronics,Laptops,9204,219
Office Supplies,Paper,9894,220
Furniture,Sofas,5322,221
Furniture,Chairs,2666,222
Furniture,Sofas,8383,223
Office Supplies,Paper,7560,224
Furniture,Sofas,1314,225
Furniture,Tables,4390,226
Office Supplies,Binders,1150,227
Office Supplies,Pens,1574,228
Office Supplies,Binders,5635,229
Furniture,Sofas,6515,230
Electronics,Laptops,1231,231
Office Supplies,Binders,6891,232
Electronics,Laptops,7524,233
Electronics,Printers,6864,234
Furniture,Chairs,4215,235
Furniture,Bookcases,622,236
Office Supplies,Pens,1755,237
Electronics,Electronic Games,8020,238
Electronics,Laptops,7333,239
Electronics,Electronic Games,7690,240
Furniture,Sofas,912,241
Electronics,Laptops,2791,242
Furniture,Sofas,6223,243
Furniture,Chairs,8943,244
Electronics,Phones,3297,245
Office Supplies,Paper,8769,246
Electronics,Printers,9057,247
Furniture,Tables,6864,248
Electronics,Laptops,9200,249
Electronics,Laptops,6113,250
Furniture,Tables,7733,251
Furniture,Tables,8524,252
Furniture,Bookcases,6187,253
Office Supplies,Pens,736,254
Office Supplies,Pens,9905,255
Office Supplies,Paper,2493,256
Office Supplies,Pens,9849,257
Electronics,Printers,3423,258
Furniture,Chairs,3900,259
Electronics,Electronic Games,8568,260
Office Supplies,Pens,3283,261
Electronics,Electronic Games,7643,262
Furniture,Sofas,3461,263
Electronics,Electronic Games,5714,264
Office Supplies,Binders,3853,265
Office Supplies,Pens,6016,266
Office Supplies,Markers,1290,267
Electronics,Printers,4569,268
Furniture,Bookcases,3083,269
Office Supplies,Pens,3522,270
Office Supplies,Binders,7301,271
Electronics,Laptops,4462,272
Electronics,Phones,6212,273
Furniture,Bookcases,4027,274
Electronics,Laptops,1676,275
Furniture,Bookcases,3927,276
Electronics,Phones,2776,277
Furniture,Sofas,7684,278
Electronics,Phones,6008,279
Furniture,Bookcases,7344,280
Office Supplies,Pens,6932,281
Electronics,Electronic Games,7748,282
Office Supplies,Markers,6381,283
Electronics,Phones,992,284
Electronics,Laptops,8649,285
Electronics,Laptops,4099,286
Electronics,Electronic Games,2539,287
Office Supplies,Paper,9845,288
Office Supplies,Paper,2901,289
Office Supplies,Pens,6934,290
Furniture,Bookcases,9640,291
Furniture,Chairs,7930,292
Office Supplies,Binders,9894,293
Furniture,Tables,4534,294
Electronics,Phones,4911,295
Furniture,Bookcases,531,296
Electronics,Electronic Games,9707,297
Office Supplies,Paper,8521,298
Office Supplies,Binders,8438,299
Electronics,Electronic Games,1689,300
Office Supplies,Paper,3936,301
Electronics,Phones,7664,302
Electronics,Laptops,721,303
Electronics,Laptops,8364,304
Furniture,Bookcases,5234,305
Electronics,Phones,3944,306
Office Supplies,Pens,6711,307
Furniture,Tables,5031,308
Office Supplies,Binders,6295,309
Office Supplies,Paper,9654,310
Office Supplies,Binders,3112,311
Electronics,Phones,7838,312
Electronics,Phones,9300,313
Office Supplies,Paper,1733,314
Office Supplies,Binders,874,315
Office Supplies,Pens,1248,316
Office Supplies,Markers,3669,317
Office Supplies,Paper,514,318
Electronics,Phones,3273,319
Furniture,Chairs,5035,320
Electronics,Printers,7702,321
Electronics,Printers,9884,322
Electronics,Laptops,5564,323
Electronics,Electronic Games,3953,324
Electronics,Printers,6488,325
Electronics,Electronic Games,7856,326
Office Supplies,Pens,1165,327
Office Supplies,Markers,9386,328
Office Supplies,Pens,3956,329
Furniture,Bookcases,6449,330
Office Supplies,Markers,6255,331
Electronics,Electronic Games,2109,332
Electronics,Phones,6707,333
Office Supplies,Pens,7633,334
Office Supplies,Pens,975,335
Furniture,Tables,4492,336
Furniture,Chairs,7957,337
Furniture,Tables,4906,338
Office Supplies,Pens,1379,339
Electronics,Laptops,4244,340
Furniture,Bookcases,5911,341
Office Supplies,Markers,1818,342
Office Supplies,Paper,2140,343
Electronics,Laptops,2670,344
Electronics,Laptops,1108,345
Office Supplies,Binders,9776,346
Furniture,Bookcases,535,347
Office Supplies,Paper,7564,348
Electronics,Electronic Games,3409,349
Office Supplies,Pens,9751,350
Electronics,Printers,6385,351
Electronics,Electronic Games,6355,352
Electronics,Printers,7377,353
Office Supplies,Markers,2054,354
Furniture,Chairs,7497,355
Electronics,Electronic Games,2565,356
Office Supplies,Pens,5024,357
Office Supplies,Binders,8243,358
Office Supplies,Paper,7792,359
Furniture,Chairs,2346,360
Furniture,Sofas,7346,361
Electronics,Electronic Games,9770,362
Electronics,Laptops,7179,363
Electronics,Phones,5449,364
Furniture,Chairs,2895,365
Furniture,Chairs,697,366
Furniture,Chairs,6145,367
Electronics,Printers,2504,368
Electronics,Phones,3124,369
Electronics,Electronic Games,6934,370
Office Supplies,Markers,4202,371
Electronics,Printers,2239,372
Electronics,Phones,2450,373
Furniture,Chairs,9827,374
Furniture,Sofas,8077,375
Electronics,Phones,5152,376
Office Supplies,Markers,2542,377
Office Supplies,Markers,8102,378
Furniture,Tables,3234,379
Furniture,Tables,6200,380
Electronics,Laptops,4470,381
Office Supplies,Pens,916,382
Furniture,Sofas,1165,383
Furniture,Chairs,7846,384
Office Supplies,Pens,3022,385
Electronics,Electronic Games,5266,386
Office Supplies,Pens,4853,387
Office Supplies,Pens,9832,388
Office Supplies,Pens,796,389
Furniture,Chairs,883,390
Furniture,Bookcases,4539,391
Office Supplies,Binders,9659,392
Electronics,Printers,9562,393
Electronics,Laptops,4688,394
Electronics,Phones,7900,395
Furniture,Bookcases,6967,396
Office Supplies,Paper,1091,397
Office Supplies,Binders,6027,398
Furniture,Tables,4852,399
Furniture,Sofas,4314,400
Office Supplies,Pens,3288,401
Office Supplies,Binders,3977,402
Electronics,Printers,6252,403
Office Supplies,Pens,9084,404
Electronics,Phones,8994,405
Office Supplies,Markers,1089,406
Office Supplies,Binders,6690,407
Furniture,Bookcases,4985,408
Electronics,Electronic Games,8590,409
Furniture,Tables,6973,410
Electronics,Printers,4591,411
Office Supplies,Pens,9612,412
Furniture,Chairs,5343,413
Office Supplies,Markers,6956,414
Furniture,Tables,5306,415
Furniture,Sofas,8982,416
Office Supplies,Paper,4826,417
Office Supplies,Pens,972,418
Office Supplies,Markers,3665,419
Office Supplies,Pens,9808,420
Furniture,Chairs,1133,421
Furniture,Bookcases,6248,422
Electronics,Electronic Games,5666,423
Office Supplies,Markers,4171,424
Electronics,Printers,6236,425
Furniture,Chairs,5410,426
Furniture,Sofas,3024,427
Office Supplies,Markers,7434,428
Electronics,Electronic Games,7213,429
Furniture,Tables,3176,430
Office Supplies,Binders,9144,431
Furniture,Tables,4146,432
Furniture,Tables,3793,433
Furniture,Sofas,7169,434
Furniture,Chairs,4046,435
Electronics,Phones,4164,436
Furniture,Tables,5389,437
Furniture,Sofas,5448,438
Furniture,Sofas,4115,439
Furniture,Tables,4761,440
Office Supplies,Binders,5899,441
Furniture,Chairs,6109,442
Electronics,Electronic Games,4628,443
Office Supplies,Pens,4369,444
Furniture,Sofas,5632,445
Office Supplies,Paper,7519,446
Electronics,Electronic Games,1564,447
Electronics,Electronic Games,2804,448
Furniture,Chairs,2321,449
Electronics,Laptops,5730,450
Furniture,Sofas,7441,451
Office Supplies,Binders,1732,452
Office Supplies,Paper,8788,453
Office Supplies,Markers,838,454
Furniture,Tables,3577,455
Electronics,Phones,7122,456
Office Supplies,Markers,7327,457
Office Supplies,Markers,4932,458
Electronics,Printers,4609,459
Office Supplies,Paper,2328,460
Electronics,Printers,4734,461
Furniture,Sofas,1388,462
Electronics,Laptops,8555,463
Furniture,Tables,9024,464
Electronics,Laptops,2468,465
Electronics,Electronic Games,9438,466
Electronics,Phones,2685,467
Furniture,Chairs,9916,468
Electronics,Electronic Games,6184,469
Office Supplies,Markers,4548,470
Office Supplies,Markers,7195,471
Furniture,Bookcases,3098,472
Furniture,Tables,5412,473
Furniture,Chairs,1397,474
Furniture,Chairs,9279,475
Office Supplies,Paper,2596,476
Furniture,Bookcases,6732,477
Office Supplies,Pens,4495,478
Office Supplies,Paper,9653,479
Furniture,Tables,8945,480
Furniture,Bookcases,4007,481
Furniture,Bookcases,810,482
Furniture,Bookcases,9789,483
Electronics,Electronic Games,9229,484
Office Supplies,Markers,8141,485
Furniture,Sofas,1067,486
Office Supplies,Binders,3839,487
Electronics,Electronic Games,2858,488
Furniture,Bookcases,2137,489
Furniture,Chairs,2831,490
Furniture,Sofas,3913,491
Office Supplies,Paper,4468,492
Electronics,Laptops,1579,493
Furniture,Chairs,3760,494
Office Supplies,Pens,8706,495
Electronics,Electronic Games,4708,496
Furniture,Chairs,8089,497
Electronics,Printers,5462,498
Electronics,Electronic Games,6392,499
Electronics,Electronic Games,8706,500
Office Supplies,Pens,2349,501
Furniture,Chairs,8220,502
Furniture,Chairs,2379,503
Office Supplies,Markers,7377,504
Furniture,Tables,717,505
Furniture,Sofas,508,506
Electronics,Printers,9382,507
Furniture,Tables,4936,508
Furniture,Sofas,2663,509
Electronics,Printers,5151,510
Office Supplies,Pens,2514,511
Electronics,Laptops,6129,512
Furniture,Bookcases,4395,513
Furniture,Chairs,5393,514
Electronics,Phones,2280,515
Office Supplies,Paper,6596,516
Office Supplies,Paper,4510,517
Electronics,Phones,6077,518
Electronics,Printers,5379,519
Office Supplies,Markers,4629,520
Electronics,Laptops,2710,521
Office Supplies,Binders,3224,522
Office Supplies,Markers,8042,523
Office Supplies,Binders,3957,524
Office Supplies,Markers,8769,525
Office Supplies,Pens,2957,526
Office Supplies,Paper,5344,527
Electronics,Laptops,6061,528
Furniture,Tables,5376,529
Electronics,Printers,2792,530
Office Supplies,Binders,2944,531
Office Supplies,Markers,4220,532
Office Supplies,Binders,8526,533
Furniture,Bookcases,8218,534
Electronics,Phones,599,535
Furniture,Bookcases,2727,536
Office Supplies,Pens,2589,537
Electronics,Electronic Games,3776,538
Furniture,Bookcases,5402,539
Office Supplies,Pens,5165,540
Furniture,Bookcases,4863,541
Office Supplies,Pens,1626,542
Furniture,Tables,8851,543
Furniture,Tables,9680,544
Office Supplies,Pens,8468,545
Furniture,Chairs,4441,546
Furniture,Sofas,6622,547
Furniture,Tables,3260,548
Furniture,Tables,8709,549
Office Supplies,Binders,5250,550
Office Supplies,Paper,4116,551
Office Supplies,Paper,1109,552
Office Supplies,Pens,3573,553
Electronics,Phones,8055,554
Electronics,Laptops,6829,555
Office Supplies,Paper,6390,556
Office Supplies,Pens,5831,557
Furniture,Sofas,7952,558
Furniture,Bookcases,3659,559
Office Supplies,Pens,4183,560
Electronics,Phones,7478,561
Electronics,Phones,702,562
Furniture,Chairs,4037,563
Furniture,Chairs,5014,564
Electronics,Laptops,9879,565
Electronics,Phones,8762,566
Office Supplies,Pens,8490,567
Furniture,Sofas,6951,568
Electronics,Phones,1078,569
Office Supplies,Binders,8560,570
Electronics,Electronic Games,1031,571
Office Supplies,Markers,6402,572
Electronics,Printers,5916,573
Furniture,Chairs,4015,574
Electronics,Electronic Games,9335,575
Office Supplies,Binders,4706,576
Office Supplies,Markers,6584,577
Furniture,Sofas,6389,578
Electronics,Printers,9869,579
Office Supplies,Markers,655,580
Electronics,Phones,798,581
Electronics,Printers,7967,582
Furniture,Tables,3756,583
Office Supplies,Markers,5196,584
Furniture,Bookcases,6586,585
Office Supplies,Markers,6673,586
Furniture,Tables,714,587
Office Supplies,Pens,1083,588
Furniture,Bookcases,2401,589
Electronics,Phones,1045,590
Office Supplies,Markers,7806,591
Furniture,Sofas,5263,592
Office Supplies,Pens,6147,593
Electronics,Phones,7484,594
Furniture,Sofas,7700,595
Office Supplies,Markers,8537,596
Furniture,Chairs,8858,597
Electronics,Printers,5313,598
Furniture,Sofas,3281,599
Office Supplies,Pens,8681,600
Furniture,Sofas,6195,601
Furniture,Chairs,3877,602
Electronics,Printers,9369,603
Electronics,Printers,8680,604
Electronics,Laptops,3067,605
Office Supplies,Markers,9002,606
Office Supplies,Pens,7105,607
Furniture,Chairs,5317,608
Furniture,Tables,6304,609
Office Supplies,Paper,9565,610
Office Supplies,Paper,8245,611
Electronics,Laptops,1592,612
Electronics,Phones,8400,613
Office Supplies,Paper,4963,614
Electronics,Printers,2472,615
Furniture,Chairs,9132,616
Office Supplies,Binders,8305,617
Electronics,Electronic Games,1010,618
Electronics,Phones,4544,619
Electronics,Phones,5900,620
Office Supplies,Markers,8861,621
Electronics,Phones,8158,622
Office Supplies,Pens,3411,623
Office Supplies,Markers,9406,624
Electronics,Printers,1156,625
Furniture,Bookcases,5354,626
Electronics,Electronic Games,8780,627
Furniture,Sofas,6783,628
Office Supplies,Pens,1778,629
Electronics,Printers,9399,630
Furniture,Sofas,7957,631
Furniture,Chairs,1638,632
Furniture,Tables,1786,633
Office Supplies,Paper,4751,634
Office Supplies,Paper,8979,635
Electronics,Phones,2727,636
Electronics,Printers,1093,637
Office Supplies,Paper,2636,638
Electronics,Electronic Games,7344,639
Office Supplies,Paper,7306,640
Electronics,Printers,5832,641
Furniture,Tables,8572,642
Electronics,Printers,8059,643
Furniture,Sofas,3661,644
Office Supplies,Paper,2451,645
Furniture,Tables,7067,646
Electronics,Electronic Games,4307,647
Furniture,Chairs,5694,648
Office Supplies,Binders,962,649
Furniture,Bookcases,2995,650
Office Supplies,Markers,2047,651
Electronics,Laptops,2078,652
Electronics,Printers,2737,653
Office Supplies,Paper,8194,654
Furniture,Sofas,9914,655
Office Supplies,Pens,5470,656
Furniture,Bookcases,1496,657
Office Supplies,Paper,3228,658
Electronics,Laptops,3918,659
Furniture,Sofas,9921,660
Furniture,Chairs,9694,661
Office Supplies,Paper,5028,662
Office Supplies,Paper,594,663
Furniture,Tables,5954,664
Furniture,Bookcases,3518,665
Electronics,Laptops,4157,666
Office Supplies,Markers,3747,667
Office Supplies,Binders,3194,668
Office Supplies,Binders,8548,669
Furniture,Tables,6089,670
Furniture,Tables,2586,671
Office Supplies,Paper,3757,672
Furniture,Sofas,5193,673
Electronics,Electronic Games,7493,674
Office Supplies,Markers,2062,675
Electronics,Phones,7163,676
Electronics,Phones,4026,677
Furniture,Chairs,1894,678
Electronics,Electronic Games,7144,679
Electronics,Laptops,3482,680
Office Supplies,Paper,4172,681
Furniture,Sofas,6265,682
Electronics,Electronic Games,2931,683
Furniture,Chairs,1146,684
Electronics,Printers,9215,685
Furniture,Chairs,7895,686
Office Supplies,Pens,2740,687
Office Supplies,Markers,5338,688
Office Supplies,Pens,3095,689
Electronics,Printers,6017,690
Office Supplies,Pens,4904,691
Office Supplies,Binders,3080,692
Electronics,Phones,1992,693
Furniture,Sofas,5346,694
Electronics,Printers,8422,695
Furniture,Bookcases,6105,696
Office Supplies,Pens,670,697
Electronics,Laptops,4057,698
Office Supplies,Pens,8178,699
Furniture,Tables,8752,700
Electronics,Printers,8974,701
Electronics,Phones,9090,702
Electronics,Electronic Games,851,703
Electronics,Phones,5427,704
Furniture,Bookcases,2695,705
Office Supplies,Pens,2386,706
Office Supplies,Pens,2284,707
Electronics,Phones,6034,708
Furniture,Bookcases,8956,709
Office Supplies,Markers,7122,710
Office Supplies,Markers,9775,711
Furniture,Bookcases,3309,712
Electronics,Electronic Games,4163,713
Furniture,Sofas,5518,714
Electronics,Phones,7566,715
Electronics,Printers,762,716
Electronics,Laptops,3316,717
Furniture,Bookcases,5994,718
Electronics,Laptops,3854,719
Office Supplies,Markers,7019,720
Electronics,Laptops,5954,721
Furniture,Bookcases,9752,722
Electronics,Electronic Games,5335,723
Electronics,Electronic Games,1454,724
Furniture,Bookcases,6724,725
Office Supplies,Binders,9874,726
Electronics,Phones,4918,727
Office Supplies,Paper,3189,728
Electronics,Electronic Games,2684,729
Office Supplies,Pens,7626,730
Electronics,Printers,6669,731
Office Supplies,Markers,6123,732
Office Supplies,Paper,3265,733
Office Supplies,Markers,8104,734
Furniture,Tables,847,735
Furniture,Bookcases,3129,736
Electronics,Laptops,7821,737
Electronics,Phones,9498,738
Furniture,Sofas,5461,739
Furniture,Bookcases,3084,740
Furniture,Sofas,6087,741
Furniture,Bookcases,611,742
Office Supplies,Markers,9909,743
Furniture,Sofas,6485,744
Electronics,Laptops,7259,745
Electronics,Printers,3333,746
Furniture,Sofas,7786,747
Electronics,Phones,7644,748
Furniture,Bookcases,1476,749
Furniture,Sofas,3445,750
Electronics,Laptops,9837,751
Electronics,Laptops,5951,752
Office Supplies,Markers,4699,753
Electronics,Laptops,5557,754
Electronics,Electronic Games,3436,755
Electronics,Printers,9840,756
Office Supplies,Paper,7620,757
Furniture,Tables,4314,758
Electronics,Laptops,8851,759
Electronics,Laptops,544,760
Office Supplies,Markers,537,761
Electronics,Laptops,5944,762
Electronics,Printers,2258,763
Furniture,Sofas,9609,764
Electronics,Electronic Games,9952,765
Office Supplies,Paper,9873,766
Electronics,Electronic Games,3560,767
Electronics,Phones,6528,768
Furniture,Sofas,8930,769
Office Supplies,Paper,4521,770
Furniture,Sofas,7091,771
Office Supplies,Pens,2101,772
Office Supplies,Paper,8644,773
Furniture,Tables,6672,774
Office Supplies,Binders,4699,775
Furniture,Sofas,4897,776
Furniture,Tables,5460,777
Office Supplies,Markers,9272,778
Office Supplies,Pens,7870,779
Electronics,Laptops,7992,780
Electronics,Electronic Games,6499,781
Office Supplies,Pens,8848,782
Office Supplies,Markers,8044,783
Furniture,Bookcases,7417,784
Office Supplies,Markers,3451,785
Electronics,Laptops,8531,786
Furniture,Sofas,6646,787
Electronics,Laptops,2553,788
Electronics,Phones,8490,789
Furniture,Tables,2689,790
Furniture,Tables,815,791
Office Supplies,Paper,5024,792
Electronics,Electronic Games,8962,793
Office Supplies,Binders,1961,794
Furniture,Sofas,526,795
Furniture,Bookcases,6093,796
Electronics,Electronic Games,7699,797
Furniture,Tables,8825,798
Electronics,Phones,2082,799
Office Supplies,Markers,914,800
